# time[ms], position x, y, z [mm], gimbal_angle [rad] 
0, 26.241823, 79.426537, 41.178932, -0.236390, -0.642171, 0.273679
10, 26.241823, 79.426537, 41.178932, -0.236390, -0.643449, 0.273679
20, 26.246990, 79.391457, 41.220200, -0.235112, -0.642171, 0.273679
31, 26.246990, 79.391457, 41.220200, -0.236390, -0.642171, 0.273679
40, 26.252157, 79.356361, 41.261456, -0.236390, -0.642171, 0.273679
50, 26.254999, 79.270233, 41.284138, -0.235112, -0.642171, 0.273679
60, 26.252672, 79.219223, 41.265560, -0.235112, -0.642171, 0.273679
70, 26.255505, 79.133087, 41.288185, -0.235112, -0.640892, 0.273679
80, 26.256001, 78.995956, 41.292137, -0.235112, -0.640892, 0.273679
90, 26.347862, 78.823654, 41.326359, -0.235112, -0.640892, 0.273679
100, 26.348331, 78.686539, 41.330101, -0.235112, -0.639614, 0.273679
110, 26.351149, 78.600372, 41.352509, -0.235112, -0.639614, 0.273679
120, 26.353960, 78.514198, 41.374886, -0.233833, -0.639614, 0.273679
130, 26.356768, 78.428017, 41.397224, -0.233833, -0.639614, 0.273679
140, 26.361933, 78.392746, 41.438335, -0.233833, -0.639614, 0.273679
150, 26.367098, 78.357460, 41.479431, -0.232555, -0.638336, 0.273679
160, 26.369896, 78.271240, 41.501709, -0.233833, -0.638336, 0.273679
170, 26.288748, 78.235916, 41.553604, -0.233833, -0.637057, 0.273679
180, 26.293888, 78.200584, 41.594658, -0.233833, -0.635779, 0.273679
190, 26.212681, 78.165237, 41.646496, -0.233833, -0.635779, 0.273679
200, 26.210331, 78.114319, 41.627670, -0.233833, -0.637057, 0.273679
210, 26.215452, 78.078949, 41.668697, -0.232555, -0.635779, 0.273679
220, 26.218220, 77.992653, 41.690865, -0.232555, -0.635779, 0.273679
230, 26.218220, 77.992653, 41.690865, -0.232555, -0.635779, 0.273679
240, 26.220982, 77.906349, 41.712997, -0.232555, -0.634501, 0.273679
250, 26.223740, 77.820038, 41.735092, -0.232555, -0.635779, 0.273679
261, 26.226494, 77.733711, 41.757153, -0.232555, -0.634501, 0.273679
270, 26.229242, 77.647377, 41.779182, -0.232555, -0.634501, 0.273679
280, 26.229242, 77.647377, 41.779182, -0.232555, -0.633222, 0.273679
290, 26.231989, 77.561035, 41.801174, -0.232555, -0.633222, 0.273679
300, 26.229620, 77.510178, 41.782200, -0.231276, -0.633222, 0.273679
311, 26.232359, 77.423836, 41.804138, -0.232555, -0.633222, 0.273679
320, 26.232359, 77.423836, 41.804138, -0.232555, -0.633222, 0.273679
330, 26.229984, 77.372986, 41.785126, -0.231276, -0.633222, 0.273679
340, 26.225231, 77.271309, 41.747040, -0.232555, -0.631944, 0.273679
350, 26.227957, 77.184982, 41.768879, -0.232555, -0.633222, 0.273679
360, 26.225573, 77.134171, 41.749783, -0.232555, -0.631944, 0.273679
370, 26.228292, 77.047836, 41.771568, -0.232555, -0.631944, 0.273679
380, 26.225904, 76.997040, 41.752430, -0.231276, -0.630665, 0.273679
390, 26.223513, 76.946243, 41.733276, -0.232555, -0.630665, 0.273679
400, 26.137125, 76.946243, 41.744041, -0.231276, -0.630665, 0.273679
410, 25.877934, 76.946243, 41.776123, -0.231276, -0.630665, 0.273679
421, 25.440907, 76.981766, 41.787964, -0.229998, -0.629387, 0.273679
430, 24.912668, 77.052750, 41.768188, -0.227441, -0.629387, 0.273679
440, 24.036577, 77.209900, 41.765011, -0.223606, -0.629387, 0.273679
450, 22.978809, 77.574585, 41.691940, -0.218493, -0.629387, 0.273679
460, 21.921947, 78.075661, 41.609688, -0.212101, -0.629387, 0.272401
470, 20.685213, 78.783096, 41.451607, -0.203152, -0.629387, 0.271123
480, 19.362486, 79.575043, 41.268948, -0.195482, -0.630665, 0.267288
490, 17.871887, 80.416466, 41.108269, -0.185255, -0.633222, 0.264731
500, 16.296320, 81.342010, 40.916744, -0.175028, -0.635779, 0.260896
510, 14.380401, 82.265831, 40.733227, -0.164801, -0.638336, 0.253226
521, 12.123898, 83.273216, 40.523914, -0.152018, -0.642171, 0.245555
530, 10.042297, 84.124527, 40.223938, -0.140512, -0.646006, 0.236607
540, 7.621988, 85.040474, 39.826813, -0.127729, -0.649841, 0.223823
550, 4.868507, 85.883324, 39.327503, -0.111110, -0.654954, 0.211039
560, 1.958355, 86.651970, 38.711208, -0.094491, -0.660068, 0.195699
570, -1.018378, 87.364128, 38.032276, -0.075315, -0.665181, 0.179080
580, -3.891348, 88.038857, 37.352005, -0.054861, -0.670295, 0.161183
590, -6.747703, 88.593346, 36.698860, -0.033129, -0.674130, 0.142007
600, -9.673818, 89.029045, 36.070412, -0.010119, -0.677965, 0.120275
610, -12.506413, 89.315483, 35.518749, 0.014170, -0.680522, 0.098543
620, -15.245124, 89.568863, 34.977337, 0.038459, -0.683079, 0.078089
631, -18.225447, 89.789619, 34.420269, 0.064027, -0.685635, 0.055078
640, -20.622320, 89.863846, 33.994629, 0.084481, -0.685635, 0.035903
650, -23.592636, 89.937790, 33.473392, 0.108770, -0.686914, 0.011614
660, -26.074753, 89.969116, 33.122879, 0.129224, -0.684357, -0.011397
670, -28.880068, 89.948906, 32.677475, 0.152234, -0.684357, -0.033129
681, -32.017582, 89.948906, 32.201687, 0.179080, -0.680522, -0.058697
690, -34.658302, 89.866104, 31.789820, 0.199534, -0.677965, -0.079150
700, -37.461136, 89.834778, 31.329456, 0.222545, -0.675408, -0.102161
710, -40.175961, 89.803444, 30.846357, 0.248112, -0.671573, -0.123893
720, -42.658100, 89.709320, 30.466000, 0.272401, -0.667738, -0.145626
730, -44.738682, 89.583572, 30.190269, 0.296690, -0.665181, -0.166080
740, -46.675304, 89.394402, 30.017273, 0.320979, -0.661346, -0.183977
750, -48.451801, 89.069901, 29.874079, 0.343990, -0.657511, -0.200596
760, -50.167301, 88.494576, 29.812437, 0.363165, -0.653676, -0.217214
770, -51.637955, 87.731346, 29.789433, 0.383619, -0.649841, -0.231276
780, -53.107452, 86.780144, 29.743288, 0.400238, -0.644727, -0.246617
790, -54.325645, 85.589859, 29.721220, 0.415578, -0.639614, -0.258122
800, -55.453739, 84.161163, 29.678205, 0.429641, -0.630665, -0.270906
810, -56.408306, 82.495094, 29.633892, 0.442424, -0.621717, -0.279854
820, -57.175171, 80.626419, 29.543388, 0.452651, -0.611490, -0.287525
830, -57.857037, 78.490707, 29.460873, 0.462878, -0.598706, -0.295195
840, -58.270569, 76.207443, 29.365107, 0.470548, -0.587201, -0.300308
850, -58.588375, 73.745354, 29.244314, 0.476940, -0.573139, -0.304143
860, -58.665062, 71.255257, 29.204863, 0.483332, -0.559077, -0.309257
870, -58.631359, 68.624130, 29.091358, 0.485889, -0.542458, -0.313092
880, -58.617542, 65.980339, 29.044832, 0.489724, -0.525839, -0.314370
890, -58.431034, 63.343979, 29.011400, 0.492281, -0.509220, -0.313092
900, -58.238647, 60.631721, 28.957558, 0.493559, -0.493880, -0.309257
910, -57.899601, 57.986801, 29.003864, 0.492281, -0.477261, -0.306700
920, -57.550533, 55.348637, 29.015215, 0.492281, -0.463199, -0.300308
930, -57.036003, 52.550175, 29.061710, 0.491002, -0.446580, -0.292638
940, -56.429436, 49.759720, 29.091740, 0.488445, -0.429961, -0.283690
950, -55.581955, 46.856255, 29.197260, 0.487167, -0.413343, -0.274741
960, -54.558407, 44.044907, 29.294865, 0.484610, -0.398002, -0.263236
970, -53.209446, 41.203762, 29.473129, 0.480775, -0.381383, -0.253009
980, -51.615467, 38.332161, 29.703142, 0.474383, -0.364765, -0.241503
990, -49.854626, 35.596165, 29.947693, 0.466713, -0.348146, -0.229998
1000, -47.831051, 32.908081, 30.163488, 0.457765, -0.332805, -0.215936
1010, -45.740761, 30.357418, 30.440050, 0.446259, -0.316187, -0.204431
1020, -43.396946, 27.896521, 30.714746, 0.433476, -0.299568, -0.191647
1030, -40.964436, 25.608435, 30.947189, 0.421970, -0.284227, -0.177585
1040, -38.186142, 23.492807, 31.117851, 0.407908, -0.270165, -0.164801
1050, -35.248951, 21.508829, 31.292185, 0.392568, -0.257382, -0.149461
1060, -32.487995, 19.860697, 31.452372, 0.379784, -0.245876, -0.136677
1070, -28.986214, 17.970173, 31.663105, 0.363165, -0.231814, -0.120058
1080, -25.746653, 16.451946, 31.881258, 0.347825, -0.220309, -0.105996
1090, -22.514561, 15.016018, 32.109390, 0.331206, -0.208804, -0.090656
1100, -19.195475, 13.707031, 32.253559, 0.314587, -0.198577, -0.074037
1110, -15.789304, 12.486289, 32.274254, 0.299247, -0.188350, -0.056140
1120, -12.144281, 11.264235, 32.315704, 0.282628, -0.180679, -0.036964
1130, -8.255324, 10.126263, 32.299160, 0.266009, -0.173009, -0.019067
1140, -4.290584, 9.067023, 32.279545, 0.246834, -0.165339, 0.000108
1150, 0.000000, 7.965293, 32.208797, 0.227658, -0.158947, 0.019284
1160, 4.285610, 6.946148, 32.046959, 0.207204, -0.151277, 0.037181
1170, 8.733472, 5.959291, 31.891451, 0.185472, -0.144885, 0.056357
1180, 13.256348, 5.016292, 31.595179, 0.163740, -0.138493, 0.075532
1190, 17.780380, 4.185635, 31.310076, 0.140729, -0.130823, 0.097264
1200, 22.298798, 3.435914, 30.927074, 0.117718, -0.125710, 0.118997
1210, 26.823336, 2.715333, 30.548231, 0.092151, -0.119318, 0.142007
1220, 31.267584, 2.112437, 30.124157, 0.070419, -0.115483, 0.165018
1231, 35.721428, 1.664565, 29.685057, 0.046130, -0.109091, 0.189307
1240, 40.077393, 1.305361, 29.100534, 0.021841, -0.105256, 0.214874
1250, 44.417843, 0.990402, 28.389187, -0.003727, -0.098864, 0.239163
1260, 48.757858, 0.794398, 27.628790, -0.026737, -0.095029, 0.263453
1270, 53.012592, 0.845408, 26.820251, -0.052305, -0.091194, 0.289020
1280, 57.334732, 0.896709, 25.895163, -0.077872, -0.087358, 0.313309
1290, 61.665428, 1.023295, 24.948673, -0.104718, -0.084802, 0.337598
1301, 66.231636, 1.188188, 23.860176, -0.134120, -0.080967, 0.363165
1310, 69.881126, 1.406802, 22.887455, -0.155853, -0.079688, 0.383619
1320, 73.936111, 1.701945, 21.765739, -0.181420, -0.077131, 0.406630
1330, 77.466782, 1.967607, 20.648872, -0.204431, -0.073296, 0.427084
1341, 82.049171, 2.470109, 19.179707, -0.233833, -0.069461, 0.455208
1350, 85.500229, 2.898129, 18.022844, -0.254287, -0.065626, 0.474383
1360, 89.273010, 3.404756, 16.723547, -0.278576, -0.061791, 0.496116
1370, 92.937210, 3.958848, 15.357111, -0.300308, -0.057956, 0.516570
1380, 96.494926, 4.644423, 13.935714, -0.322041, -0.052842, 0.537024
1390, 100.015633, 5.377530, 12.416234, -0.343773, -0.047729, 0.557477
1400, 103.426048, 6.242336, 10.848179, -0.364227, -0.043894, 0.577931
1410, 106.337044, 7.114905, 9.417011, -0.383402, -0.038780, 0.598385
1420, 109.854774, 8.322544, 7.653462, -0.406413, -0.033667, 0.620118
1430, 112.964470, 9.578180, 6.020637, -0.425589, -0.029832, 0.641850
1440, 115.906631, 10.921669, 4.425912, -0.444764, -0.027275, 0.661025
1450, 118.665276, 12.397582, 2.849551, -0.462661, -0.023440, 0.681479
1460, 121.259247, 13.961506, 1.323374, -0.480558, -0.022162, 0.699376
1470, 123.868645, 15.611087, -0.194797, -0.497177, -0.019605, 0.719830
1480, 126.335312, 17.306555, -1.631958, -0.513796, -0.017048, 0.739006
1490, 128.710037, 19.092243, -3.062165, -0.529136, -0.015770, 0.758181
1500, 131.013535, 21.010757, -4.457201, -0.547034, -0.015770, 0.774800
1510, 133.135925, 22.977930, -5.814591, -0.562374, -0.015770, 0.795254
1520, 134.947128, 25.034960, -7.150302, -0.576436, -0.015770, 0.811873
1530, 136.577057, 27.263577, -8.569482, -0.589220, -0.017048, 0.829770
1540, 137.914383, 29.531702, -9.929270, -0.602004, -0.018326, 0.846389
1550, 139.151855, 31.921244, -11.397669, -0.614787, -0.022162, 0.864286
1560, 140.200729, 34.431381, -12.810468, -0.627571, -0.025997, 0.882183
1570, 141.088470, 36.934212, -14.136239, -0.637798, -0.031110, 0.901359
1580, 141.788254, 39.554356, -15.404091, -0.649303, -0.036224, 0.917978
1590, 142.392288, 42.165031, -16.640211, -0.659530, -0.041337, 0.934596
1600, 142.767212, 44.797745, -17.861031, -0.668479, -0.047729, 0.952494
1610, 142.946182, 47.624065, -19.030893, -0.678706, -0.054121, 0.967834
1620, 142.995392, 50.396721, -20.081856, -0.687654, -0.063069, 0.983174
1630, 142.887482, 53.311501, -21.165817, -0.696603, -0.070740, 0.997236
1640, 142.437698, 56.362629, -22.111185, -0.704273, -0.079688, 1.011299
1650, 141.756241, 59.697105, -23.169571, -0.714500, -0.088637, 1.025361
1660, 141.014130, 62.189404, -23.929600, -0.720892, -0.097585, 1.036866
1670, 139.903702, 65.325096, -25.066858, -0.728562, -0.107812, 1.047093
1680, 138.376404, 68.904549, -26.280859, -0.736232, -0.120596, 1.059877
1690, 136.769272, 72.134514, -27.468019, -0.743903, -0.133380, 1.070104
1700, 134.848251, 75.416191, -28.529421, -0.750294, -0.147442, 1.080330
1710, 132.891953, 78.634689, -29.647583, -0.757965, -0.164061, 1.091836
1720, 130.966476, 81.443787, -30.527208, -0.763078, -0.179401, 1.100784
1730, 128.470108, 84.922226, -31.473391, -0.769470, -0.199855, 1.111011
1740, 126.147629, 87.793297, -32.275524, -0.774583, -0.217752, 1.121238
1750, 123.769005, 90.530273, -33.066906, -0.779697, -0.238206, 1.130187
1760, 121.283669, 93.134918, -33.797173, -0.784810, -0.257382, 1.135300
1770, 118.762787, 95.564194, -34.394932, -0.789924, -0.276557, 1.141692
1780, 116.112801, 97.890686, -34.972511, -0.793759, -0.295733, 1.146806
1790, 113.393059, 100.113205, -35.581779, -0.797594, -0.316187, 1.150641
1800, 110.507584, 102.109367, -36.123520, -0.800151, -0.335362, 1.154476
1810, 107.487015, 103.982819, -36.575626, -0.802708, -0.355816, 1.157033
1820, 104.411095, 105.667572, -37.183796, -0.805264, -0.376270, 1.159589
1830, 101.285355, 107.162262, -37.727470, -0.806543, -0.398002, 1.160868
1840, 98.007500, 108.384460, -38.238346, -0.807821, -0.418456, 1.162146
1850, 94.678978, 109.373672, -38.707588, -0.806543, -0.441467, 1.163424
1860, 91.480453, 110.160728, -39.113186, -0.803986, -0.463199, 1.163424
1870, 88.243652, 110.780746, -39.461540, -0.798872, -0.486210, 1.160868
1880, 84.893143, 111.227470, -39.642021, -0.793759, -0.506664, 1.155754
1890, 81.576309, 111.621765, -39.781242, -0.784810, -0.525839, 1.145527
1900, 78.319115, 111.958412, -39.832489, -0.775862, -0.545015, 1.135300
1910, 75.373787, 112.173904, -39.839172, -0.766913, -0.562912, 1.123795
1920, 71.868546, 112.389450, -39.707836, -0.754130, -0.583366, 1.108455
1930, 68.595093, 112.374924, -39.410854, -0.741346, -0.599985, 1.090557
1940, 65.212463, 112.230896, -39.050110, -0.726005, -0.620438, 1.073939
1950, 61.900459, 111.953171, -38.662926, -0.709387, -0.638336, 1.052206
1961, 58.334503, 111.508087, -38.239975, -0.688933, -0.658790, 1.025361
1971, 55.202297, 110.973755, -37.819416, -0.667200, -0.677965, 1.001072
1980, 52.440056, 110.265038, -37.506058, -0.646746, -0.693305, 0.978061
1990, 49.504616, 109.225739, -37.077187, -0.619901, -0.709924, 0.951215
2000, 46.772865, 107.910858, -36.667664, -0.593055, -0.722708, 0.924369
2010, 44.058918, 106.330177, -36.269314, -0.562374, -0.735492, 0.896245
2020, 41.591312, 104.744598, -35.910435, -0.535528, -0.743162, 0.868121
2030, 38.637024, 102.585480, -35.440609, -0.499734, -0.753389, 0.833605
2040, 36.249607, 100.687553, -35.110683, -0.469053, -0.757224, 0.802924
2051, 33.366333, 98.119827, -34.705585, -0.429424, -0.762337, 0.767130
2060, 30.727205, 95.548599, -34.304718, -0.393629, -0.762337, 0.733892
2070, 28.253345, 92.675285, -33.978657, -0.356557, -0.758502, 0.698098
2080, 25.972721, 89.686577, -33.580231, -0.320762, -0.752110, 0.664860
2090, 23.868584, 86.382874, -33.163677, -0.283690, -0.741884, 0.630345
2100, 21.949188, 82.903664, -32.657326, -0.250452, -0.730378, 0.598385
2110, 20.368536, 79.613892, -32.144627, -0.221049, -0.715038, 0.568983
2120, 18.524424, 75.606850, -31.414333, -0.189090, -0.694584, 0.535745
2130, 17.065763, 71.829491, -30.710943, -0.160966, -0.672852, 0.507621
2140, 15.784097, 68.085876, -29.869537, -0.136677, -0.648563, 0.480775
2150, 14.602341, 64.307434, -29.049202, -0.111110, -0.622995, 0.456486
2160, 13.652552, 60.438061, -28.106222, -0.090656, -0.596149, 0.432197
2170, 12.868922, 56.652447, -27.128712, -0.071480, -0.568025, 0.410465
2180, 12.292557, 53.193962, -26.349569, -0.058697, -0.542458, 0.392568
2190, 11.847837, 48.875713, -25.328741, -0.042078, -0.510499, 0.373392
2200, 11.697409, 45.036564, -24.264555, -0.029294, -0.479818, 0.359330
2210, 11.706125, 41.598434, -23.418299, -0.020346, -0.452972, 0.347825
2220, 11.919950, 37.297741, -22.268171, -0.011397, -0.421013, 0.335041
2230, 12.182864, 33.424946, -21.284464, -0.005005, -0.390332, 0.324814
2240, 12.701523, 29.669315, -20.207483, 0.000108, -0.358373, 0.318422
2250, 13.348420, 25.864361, -19.151850, 0.003944, -0.327692, 0.310752
2260, 14.125887, 22.128880, -18.120956, 0.003944, -0.298289, 0.305639
2270, 15.108170, 18.520535, -17.026026, 0.005222, -0.267609, 0.300525
2280, 16.233410, 14.879579, -15.908045, 0.002665, -0.238206, 0.296690
2290, 17.447550, 11.291039, -14.713940, -0.001170, -0.208804, 0.294133
2300, 18.716644, 8.164972, -13.753410, -0.005005, -0.183236, 0.291577
2310, 20.301197, 4.391287, -12.494962, -0.011397, -0.152555, 0.289020
2320, 21.739544, 1.331142, -11.532518, -0.017789, -0.130823, 0.286463
2330, 23.633816, -2.273490, -10.309540, -0.025459, -0.103977, 0.283906
2340, 25.471981, -5.602610, -9.218986, -0.034408, -0.079688, 0.282628
2351, 27.407755, -8.806870, -8.120914, -0.044635, -0.057956, 0.281350
2360, 29.514744, -11.992447, -7.003696, -0.056140, -0.036224, 0.280071
2370, 31.352821, -14.857737, -6.022696, -0.066367, -0.017048, 0.278793
2380, 33.744663, -18.182487, -4.859809, -0.080429, 0.004684, 0.278793
2390, 35.953045, -21.018797, -3.756176, -0.094491, 0.022581, 0.277515
2400, 38.163017, -23.808170, -2.804475, -0.108553, 0.039200, 0.277515
2410, 40.405880, -26.474043, -1.856263, -0.123893, 0.053262, 0.277515
2420, 42.602638, -29.035385, -0.936538, -0.139234, 0.068603, 0.276236
2430, 44.823002, -31.605974, -0.051840, -0.153296, 0.080108, 0.276236
2440, 47.302299, -34.376873, 0.836870, -0.169915, 0.094170, 0.274958
2450, 49.060349, -36.333214, 1.456549, -0.183977, 0.101840, 0.274958
2460, 51.486019, -39.041119, 2.198729, -0.200596, 0.113346, 0.274958
2470, 53.540836, -41.335529, 2.879199, -0.213379, 0.121016, 0.276236
2480, 55.509083, -43.501228, 3.452319, -0.228720, 0.129964, 0.277515
2490, 57.433304, -45.586742, 4.060835, -0.242782, 0.136356, 0.278793
2500, 59.353622, -47.637516, 4.591903, -0.256844, 0.142748, 0.281350
2510, 61.240078, -49.528671, 5.193151, -0.272184, 0.147862, 0.283906
2520, 63.112602, -51.455845, 5.695454, -0.284968, 0.151697, 0.286463
2530, 64.947998, -53.345749, 6.262601, -0.299030, 0.155532, 0.287742
2540, 66.723434, -55.169483, 6.834791, -0.311814, 0.158088, 0.289020
2550, 68.282288, -57.001999, 7.441722, -0.324597, 0.159367, 0.290298
2560, 69.598358, -58.815369, 8.030486, -0.336103, 0.161924, 0.291577
2570, 70.575356, -60.398602, 8.585807, -0.346330, 0.164480, 0.292855
2580, 71.547890, -61.987209, 9.112701, -0.356557, 0.165759, 0.294133
2590, 72.369270, -63.580860, 9.670734, -0.365505, 0.168315, 0.294133
2600, 72.997162, -64.939354, 10.162362, -0.373175, 0.169594, 0.294133
2610, 73.505943, -66.299194, 10.566022, -0.379567, 0.169594, 0.295412
2620, 73.786034, -67.369774, 11.037889, -0.385959, 0.169594, 0.295412
2630, 74.059547, -68.681587, 11.492596, -0.389794, 0.169594, 0.295412
2640, 74.138557, -69.700783, 11.894944, -0.393629, 0.170872, 0.295412
2650, 74.104668, -70.722900, 12.446181, -0.397464, 0.170872, 0.296690
2660, 73.937523, -71.773636, 13.100579, -0.402578, 0.170872, 0.295412
2670, 73.511574, -72.690392, 13.767331, -0.405135, 0.169594, 0.295412
2681, 72.997559, -73.500175, 14.439937, -0.407691, 0.169594, 0.296690
2690, 72.334877, -74.122131, 15.186544, -0.408970, 0.168315, 0.296690
2700, 71.622620, -74.635536, 15.816940, -0.408970, 0.167037, 0.295412
2710, 70.584000, -75.175674, 16.513632, -0.408970, 0.167037, 0.295412
2720, 69.440620, -75.634819, 17.172764, -0.408970, 0.164480, 0.292855
2730, 68.193390, -76.012962, 17.793762, -0.406413, 0.163202, 0.290298
2740, 66.707733, -76.337189, 18.481243, -0.402578, 0.161924, 0.289020
2751, 65.135780, -76.607452, 19.176510, -0.398743, 0.159367, 0.286463
2760, 63.309269, -76.904694, 19.891304, -0.393629, 0.158088, 0.283906
2770, 61.407772, -77.066917, 20.645815, -0.387237, 0.155532, 0.280071
2780, 59.557510, -77.148018, 21.299484, -0.380846, 0.152975, 0.276236
2790, 57.307175, -77.175049, 22.047262, -0.371897, 0.150418, 0.271123
2800, 54.758968, -77.147919, 22.949173, -0.362948, 0.147862, 0.266009
2810, 52.577728, -77.093689, 23.657789, -0.352722, 0.146583, 0.259617
2820, 49.856102, -76.985008, 24.576818, -0.341216, 0.142748, 0.251947
2830, 47.208214, -76.794670, 25.477337, -0.329711, 0.141470, 0.244277
2840, 44.386063, -76.657906, 26.383797, -0.316927, 0.138913, 0.235328
2851, 41.295063, -76.494095, 27.248037, -0.302865, 0.136356, 0.225101
2860, 38.195465, -76.248367, 28.102829, -0.288803, 0.133799, 0.214874
2870, 35.232979, -76.029831, 28.833132, -0.274741, 0.131243, 0.204647
2880, 31.850176, -75.811005, 29.584366, -0.258122, 0.128686, 0.193142
2890, 28.063023, -75.508392, 30.473970, -0.238947, 0.126129, 0.179080
2900, 24.904915, -75.286873, 31.169651, -0.222328, 0.123572, 0.170132
2910, 21.014977, -74.924004, 32.124905, -0.200596, 0.119737, 0.156069
2920, 17.833183, -74.561562, 32.839329, -0.182698, 0.115902, 0.147121
2930, 13.896652, -74.165977, 33.699772, -0.160966, 0.112067, 0.134337
2940, 10.182883, -73.713669, 34.462376, -0.139234, 0.106954, 0.118997
2950, 6.862428, -73.287674, 35.095165, -0.121337, 0.103119, 0.106213
2960, 3.189018, -72.830215, 35.723270, -0.098326, 0.098005, 0.093429
2970, -0.505079, -72.257118, 36.367699, -0.077872, 0.094170, 0.079367
2980, -4.476476, -71.566872, 37.021271, -0.052305, 0.087778, 0.064027
2990, -8.047431, -70.794067, 37.552090, -0.033129, 0.083943, 0.048686
3000, -11.295938, -70.047539, 37.990940, -0.012675, 0.077551, 0.037181
3010, -15.166942, -69.067177, 38.497162, 0.010335, 0.071159, 0.023119
3020, -18.543945, -68.058151, 38.919647, 0.030789, 0.066046, 0.010335
3030, -21.850836, -66.936371, 39.275261, 0.051243, 0.059654, -0.003727
3041, -24.925653, -65.692703, 39.682503, 0.072975, 0.054541, -0.016510
3050, -27.483120, -64.485001, 39.965950, 0.090873, 0.048149, -0.028016
3060, -30.424566, -62.811134, 40.378628, 0.111327, 0.041757, -0.040799
3070, -32.925686, -61.066807, 40.649128, 0.129224, 0.036643, -0.052305
3080, -35.351025, -59.124039, 40.904247, 0.147121, 0.030252, -0.062532
3090, -37.771671, -57.102901, 41.051346, 0.165018, 0.025138, -0.072759
3100, -39.937679, -54.831245, 41.200165, 0.184194, 0.017468, -0.081707
3110, -41.920116, -52.484245, 41.272484, 0.203369, 0.011076, -0.089377
3120, -43.541992, -50.257462, 41.300743, 0.218710, 0.004684, -0.094491
3130, -45.085281, -47.609516, 41.357887, 0.237885, -0.004264, -0.100883
3140, -46.344109, -45.172131, 41.331680, 0.253226, -0.011935, -0.105996
3150, -47.243874, -42.964466, 41.307747, 0.267288, -0.020883, -0.109831
3160, -48.149288, -40.391365, 41.302021, 0.281350, -0.029832, -0.113666
3170, -48.871708, -37.769321, 41.284103, 0.292855, -0.037502, -0.116223
3180, -49.522038, -34.799923, 41.342094, 0.306917, -0.046451, -0.120058
3190, -49.880211, -31.995562, 41.316425, 0.317144, -0.055399, -0.122615
3200, -50.047909, -29.095224, 41.255600, 0.327371, -0.064348, -0.123893
3210, -50.010113, -26.087862, 41.097305, 0.336320, -0.073296, -0.126450
3220, -49.870937, -23.318022, 40.895283, 0.342711, -0.083523, -0.127729
3230, -49.719692, -20.146698, 40.641701, 0.350382, -0.093750, -0.129007
3240, -49.469677, -16.492292, 40.352940, 0.359330, -0.107812, -0.129007
3250, -49.045307, -13.092685, 40.089642, 0.367000, -0.119318, -0.131564
3260, -48.604862, -9.798768, 39.752426, 0.375949, -0.132101, -0.131564
3270, -47.998665, -6.446192, 39.470684, 0.382341, -0.144885, -0.132842
3280, -47.294350, -3.420527, 39.143246, 0.387454, -0.157669, -0.132842
3291, -46.235188, 0.247276, 38.816685, 0.392568, -0.173009, -0.134120
3300, -45.363079, 3.180696, 38.507061, 0.396403, -0.187071, -0.132842
3310, -44.028488, 6.715892, 38.094196, 0.400238, -0.203690, -0.134120
3320, -42.801285, 9.912897, 37.734299, 0.404073, -0.220309, -0.134120
3330, -41.321804, 13.129585, 37.400497, 0.405351, -0.235649, -0.135399
3340, -40.011101, 15.939524, 36.990566, 0.406630, -0.249711, -0.134120
3350, -38.375408, 19.068998, 36.667942, 0.407908, -0.266330, -0.134120
3360, -36.641678, 22.263464, 36.231121, 0.407908, -0.284227, -0.131564
3370, -34.571774, 25.771872, 35.780544, 0.405351, -0.302125, -0.129007
3380, -32.868343, 28.710661, 35.377689, 0.402795, -0.318743, -0.126450
3390, -30.903868, 31.879288, 34.876507, 0.400238, -0.335362, -0.122615
3400, -28.528873, 35.401848, 34.376820, 0.396403, -0.357094, -0.117502
3410, -26.430428, 38.198711, 33.910595, 0.392568, -0.373713, -0.111110
3420, -24.005589, 41.142765, 33.408115, 0.387454, -0.394167, -0.104718
3430, -21.433931, 43.990929, 32.928135, 0.382341, -0.414621, -0.095769
3440, -18.710598, 46.656281, 32.408779, 0.375949, -0.436353, -0.085542
3450, -15.757968, 49.267540, 31.876091, 0.369557, -0.456807, -0.076594
3460, -12.409329, 51.897720, 31.250134, 0.359330, -0.479818, -0.062532
3470, -9.667459, 53.962387, 30.734482, 0.349103, -0.498993, -0.051026
3480, -6.530251, 56.293602, 30.090933, 0.337598, -0.518169, -0.035686
3490, -3.416262, 58.415165, 29.441122, 0.323536, -0.536066, -0.017789
3500, -0.243070, 60.477764, 28.691679, 0.308195, -0.555242, 0.002665
3510, 2.986046, 62.367405, 27.899868, 0.292855, -0.573139, 0.020562
3520, 6.191214, 64.180153, 27.123529, 0.274958, -0.591036, 0.043573
3530, 9.444851, 65.872749, 26.150253, 0.255782, -0.607655, 0.066584
3540, 12.834301, 67.458466, 25.229462, 0.236607, -0.622995, 0.092151
3551, 16.501497, 68.970345, 24.113003, 0.213596, -0.639614, 0.120275
3560, 19.442400, 70.065331, 23.198175, 0.193142, -0.652398, 0.147121
3570, 22.817331, 71.214645, 22.086201, 0.170132, -0.665181, 0.176523
3580, 26.169031, 72.170349, 20.991823, 0.145843, -0.676687, 0.208483
3590, 29.646446, 73.168106, 19.833820, 0.120275, -0.688192, 0.240442
3600, 33.092033, 74.082565, 18.626818, 0.093429, -0.695862, 0.273679
3610, 36.595791, 74.933762, 17.427401, 0.064027, -0.703532, 0.306917
3620, 40.241398, 75.771805, 16.240026, 0.033346, -0.709924, 0.342711
3630, 43.858204, 76.530121, 14.998709, 0.001387, -0.716316, 0.378506
3640, 47.451656, 77.132477, 13.726223, -0.033129, -0.720151, 0.414300
3650, 50.948818, 77.579758, 12.445167, -0.067645, -0.723986, 0.450094
3660, 54.413574, 78.025658, 11.095927, -0.103440, -0.726543, 0.485889
3670, 58.129768, 78.421577, 9.560806, -0.143069, -0.729100, 0.525518
3681, 61.415958, 78.733337, 8.232799, -0.177585, -0.730378, 0.562591
3690, 64.408318, 78.940834, 7.015203, -0.208266, -0.730378, 0.595829
3700, 67.697166, 79.093140, 5.723214, -0.240225, -0.729100, 0.631623
3710, 71.066895, 79.190483, 4.427141, -0.272184, -0.726543, 0.666139
3720, 74.270782, 79.287865, 3.126890, -0.304143, -0.722708, 0.700655
3730, 77.559731, 79.330276, 1.820725, -0.334824, -0.720151, 0.733892
3740, 80.686409, 79.247627, 0.516687, -0.365505, -0.713759, 0.765852
3750, 83.674377, 79.137161, -0.734132, -0.394908, -0.708646, 0.799089
3760, 86.664719, 78.998642, -1.996485, -0.423032, -0.702254, 0.831048
3770, 89.454857, 78.831795, -3.160891, -0.451156, -0.694584, 0.860451
3780, 92.217896, 78.615540, -4.393403, -0.476723, -0.686914, 0.888575
3790, 95.199654, 78.293694, -5.730154, -0.504847, -0.677965, 0.917978
3800, 97.528412, 77.950272, -6.820086, -0.525301, -0.670295, 0.942267
3810, 100.025688, 77.549179, -7.947366, -0.548312, -0.661346, 0.966556
3820, 102.508804, 77.020851, -9.116057, -0.571323, -0.653676, 0.990845
3830, 104.964081, 76.433212, -10.204395, -0.593055, -0.644727, 1.012577
3840, 107.341339, 75.717079, -11.290573, -0.612230, -0.633222, 1.034309
3850, 109.631065, 74.939560, -12.249495, -0.630128, -0.622995, 1.053485
3860, 111.886612, 74.050659, -13.144484, -0.646746, -0.611490, 1.072660
3870, 114.187851, 73.096977, -14.002310, -0.663365, -0.598706, 1.089279
3880, 116.403122, 72.089127, -14.870092, -0.679984, -0.585922, 1.104620
3890, 118.574936, 71.044701, -15.689413, -0.694046, -0.573139, 1.118682
3900, 120.676720, 69.993790, -16.494003, -0.708108, -0.560355, 1.130187
3910, 122.759232, 69.015785, -17.346153, -0.720892, -0.545015, 1.140414
3920, 124.828545, 67.968246, -18.111214, -0.734954, -0.530953, 1.150641
3930, 126.817963, 66.993370, -18.870070, -0.746459, -0.519447, 1.162146
3940, 128.808121, 65.866440, -19.526703, -0.757965, -0.504107, 1.172373
3950, 130.713806, 64.683258, -20.180302, -0.768192, -0.491323, 1.181322
3961, 132.477097, 63.505604, -20.647993, -0.775862, -0.479818, 1.190270
3970, 134.224609, 62.399780, -21.153219, -0.783532, -0.469591, 1.199219
3980, 135.977676, 61.203751, -21.671925, -0.789924, -0.456807, 1.206889
3990, 137.586182, 59.951302, -22.122715, -0.796316, -0.445302, 1.213281
4001, 139.198715, 58.607712, -22.585892, -0.802708, -0.432518, 1.220951
4010, 140.440872, 57.479023, -22.970034, -0.807821, -0.424848, 1.226065
4020, 141.892654, 56.154385, -23.388035, -0.811656, -0.414621, 1.232456
4030, 143.054169, 54.883167, -23.755783, -0.815491, -0.403116, 1.236292
4040, 144.439728, 53.246674, -24.145260, -0.820605, -0.392889, 1.241405
4050, 145.688965, 51.683945, -24.444878, -0.821883, -0.381383, 1.243962
4060, 146.850067, 50.065907, -24.722639, -0.825718, -0.371156, 1.247797
4070, 147.991623, 48.447460, -24.910110, -0.828275, -0.360929, 1.250354
4080, 149.037308, 46.857727, -25.080442, -0.829553, -0.350703, 1.252910
4090, 150.122925, 45.266407, -25.219912, -0.832110, -0.341754, 1.254189
4100, 150.983536, 43.874260, -25.226765, -0.833388, -0.332805, 1.256745
4110, 151.967529, 42.140079, -25.240171, -0.833388, -0.321300, 1.258024
4120, 152.871765, 40.565910, -25.216658, -0.835945, -0.311073, 1.259302
4130, 153.686172, 38.936966, -25.164068, -0.835945, -0.302125, 1.260581
4140, 154.436295, 37.213036, -25.057199, -0.835945, -0.293176, 1.260581
4150, 155.175629, 35.479679, -24.963776, -0.837224, -0.284227, 1.261859
4161, 155.877029, 33.522633, -24.790243, -0.837224, -0.274000, 1.260581
4170, 156.421295, 31.940737, -24.645205, -0.837224, -0.266330, 1.261859
4180, 157.035965, 30.051001, -24.437330, -0.837224, -0.257382, 1.261859
4190, 157.517197, 28.238342, -24.115431, -0.837224, -0.249711, 1.263137
4200, 157.937805, 26.415468, -23.849640, -0.835945, -0.239484, 1.263137
4210, 158.286713, 24.497074, -23.530418, -0.834667, -0.231814, 1.263137
4220, 158.597977, 22.614418, -23.245640, -0.833388, -0.225422, 1.263137
4230, 158.765518, 20.769619, -22.972382, -0.830832, -0.217752, 1.264416
4240, 158.897552, 18.964138, -22.731310, -0.828275, -0.211360, 1.264416
4250, 158.910675, 17.156040, -22.478651, -0.826997, -0.204968, 1.264416
4260, 158.849518, 15.256609, -22.173313, -0.825718, -0.197298, 1.264416
4270, 158.720840, 13.530061, -21.808855, -0.824440, -0.190906, 1.264416
4280, 158.528107, 11.402191, -21.381893, -0.820605, -0.181958, 1.264416
4290, 158.387375, 9.446918, -21.027197, -0.818048, -0.175566, 1.263137
4300, 158.167099, 7.399995, -20.624386, -0.814213, -0.169174, 1.264416
4310, 157.829819, 5.443321, -20.208635, -0.811656, -0.161504, 1.261859
4320, 157.478348, 3.484712, -19.806021, -0.806543, -0.153834, 1.260581
4330, 157.051468, 1.524340, -19.352072, -0.802708, -0.146163, 1.256745
4340, 156.697708, -0.396943, -18.951397, -0.798872, -0.138493, 1.252910
4350, 156.143463, -2.264916, -18.496176, -0.793759, -0.130823, 1.250354
4360, 155.568176, -4.221349, -18.062059, -0.788645, -0.124431, 1.245240
4370, 154.916946, -6.177789, -17.578829, -0.782254, -0.115483, 1.240127
4380, 154.260651, -8.045978, -17.101908, -0.778419, -0.109091, 1.235013
4390, 153.591354, -9.913976, -16.639233, -0.772027, -0.102699, 1.229900
4400, 152.792892, -11.859499, -16.181578, -0.765635, -0.093750, 1.222229
4410, 152.007858, -13.764706, -15.713270, -0.760521, -0.086080, 1.214559
4420, 151.162628, -15.718137, -15.182579, -0.755408, -0.078410, 1.208167
4430, 150.276031, -17.708578, -14.696973, -0.749016, -0.070740, 1.200497
4440, 149.339157, -19.659611, -14.139965, -0.743903, -0.061791, 1.194105
4450, 148.255096, -21.633860, -13.612721, -0.738789, -0.054121, 1.187714
4460, 147.120728, -23.567953, -13.016408, -0.732397, -0.046451, 1.178765
4470, 145.921890, -25.412264, -12.366276, -0.726005, -0.038780, 1.169816
4480, 144.631958, -27.203382, -11.691818, -0.719614, -0.031110, 1.160868
4490, 143.421463, -28.955513, -11.067536, -0.710665, -0.024718, 1.154476
4500, 142.056519, -30.654165, -10.360187, -0.702995, -0.017048, 1.144249
4510, 140.679703, -32.349892, -9.674372, -0.694046, -0.011935, 1.135300
4520, 139.148300, -33.991302, -8.909474, -0.685098, -0.005543, 1.127630
4530, 137.644104, -35.645992, -8.123229, -0.677427, 0.000849, 1.118682
4540, 136.050323, -37.246502, -7.317955, -0.669757, 0.005963, 1.111011
4550, 134.406967, -38.826427, -6.582988, -0.659530, 0.011076, 1.102063
4560, 132.696945, -40.454185, -5.805863, -0.649303, 0.016189, 1.094393
4570, 130.908493, -42.078129, -5.002164, -0.639076, 0.022581, 1.084166
4580, 129.108627, -43.698154, -4.227367, -0.628849, 0.028973, 1.075217
4590, 127.205704, -45.196430, -3.320571, -0.619901, 0.035365, 1.064990
4600, 125.238487, -46.756592, -2.513433, -0.609674, 0.043035, 1.054763
4610, 123.243355, -48.207539, -1.761988, -0.598168, 0.049427, 1.045815
4620, 121.059326, -49.580387, -1.001332, -0.587941, 0.055819, 1.035588
4630, 118.851463, -50.842102, -0.298967, -0.577715, 0.062211, 1.026639
4640, 116.535164, -52.075840, 0.368452, -0.566209, 0.069881, 1.015134
4650, 114.121574, -53.144268, 1.011340, -0.553425, 0.074994, 1.003628
4660, 111.620117, -54.099613, 1.638582, -0.541920, 0.082665, 0.989566
4670, 109.031967, -54.941620, 2.247243, -0.529136, 0.089057, 0.978061
4680, 106.578461, -55.634323, 2.874213, -0.516353, 0.094170, 0.965277
4690, 104.210907, -56.239117, 3.448421, -0.504847, 0.100562, 0.953772
4700, 102.000221, -56.670055, 4.092809, -0.493342, 0.105675, 0.942267
4710, 99.897682, -56.987602, 4.734849, -0.479280, 0.110789, 0.929483
4720, 97.909195, -57.245724, 5.390759, -0.467775, 0.117181, 0.916699
4730, 96.078346, -57.388466, 6.146020, -0.456269, 0.121016, 0.903916
4740, 94.495705, -57.421150, 6.835171, -0.443486, 0.126129, 0.891132
4750, 93.102493, -57.449585, 7.527167, -0.431980, 0.129964, 0.879627
4760, 92.009720, -57.396854, 8.086179, -0.423032, 0.133799, 0.868121
4770, 91.138000, -57.396854, 8.538040, -0.415362, 0.137635, 0.859173
4780, 90.272865, -57.262974, 9.002895, -0.406413, 0.140191, 0.847667
4790, 89.499229, -57.100620, 9.467993, -0.398743, 0.142748, 0.839997
4800, 88.943039, -56.938217, 9.820017, -0.391073, 0.142748, 0.833605
4810, 88.479362, -56.747192, 10.175242, -0.385959, 0.144026, 0.827213
4820, 88.081818, -56.503353, 10.480652, -0.379567, 0.145305, 0.822100
4830, 87.777122, -56.230694, 10.790281, -0.374454, 0.145305, 0.818265
4840, 87.598671, -55.986557, 10.985657, -0.369340, 0.142748, 0.815708
4850, 87.419754, -55.742302, 11.180595, -0.364227, 0.141470, 0.811873
4860, 87.388123, -55.497929, 11.303289, -0.360392, 0.140191, 0.810595
4870, 87.362389, -55.306023, 11.438287, -0.357835, 0.140191, 0.809316
4880, 87.390358, -55.142952, 11.495850, -0.354000, 0.138913, 0.808038
4890, 87.432205, -54.898251, 11.581970, -0.352722, 0.137635, 0.806759
4900, 87.433792, -54.711559, 11.585232, -0.350165, 0.136356, 0.805481
4910, 87.509270, -54.524902, 11.552341, -0.348886, 0.136356, 0.804203
4920, 87.578400, -54.285774, 11.506401, -0.347608, 0.135078, 0.804203
4930, 87.627235, -54.075813, 11.418862, -0.345051, 0.135078, 0.802924
4940, 87.749748, -53.865944, 11.294939, -0.345051, 0.133799, 0.802924
4950, 87.878349, -53.708603, 11.183678, -0.343773, 0.133799, 0.801646
4960, 88.013161, -53.603741, 11.085237, -0.342495, 0.133799, 0.801646
4970, 88.154274, -53.551319, 10.999717, -0.342495, 0.132521, 0.801646
4980, 88.368996, -53.498901, 10.877744, -0.342495, 0.132521, 0.801646
4990, 88.516365, -53.498901, 10.805009, -0.341216, 0.132521, 0.801646
5000, 88.643303, -53.527977, 10.691012, -0.341216, 0.132521, 0.801646
5010, 88.790512, -53.527977, 10.618052, -0.342495, 0.132521, 0.800368
5020, 88.937668, -53.527977, 10.544971, -0.341216, 0.132521, 0.801646
5030, 88.937668, -53.527977, 10.544971, -0.342495, 0.132521, 0.800368
5040, 89.084763, -53.527977, 10.471768, -0.342495, 0.133799, 0.800368
5050, 89.084763, -53.527977, 10.471768, -0.342495, 0.133799, 0.800368
5060, 89.158287, -53.527977, 10.435122, -0.342495, 0.133799, 0.800368
5070, 89.158287, -53.527977, 10.435122, -0.342495, 0.132521, 0.800368
5080, 89.158287, -53.527977, 10.435122, -0.343773, 0.132521, 0.799089
5090, 89.158287, -53.527977, 10.435122, -0.343773, 0.132521, 0.799089
5100, 89.158287, -53.527977, 10.435122, -0.342495, 0.131243, 0.800368
5110, 89.158287, -53.527977, 10.435122, -0.342495, 0.131243, 0.799089
